term	gene
PERT-PSP_VEGF	P63085;T183-p;u
PERT-PSP_VEGF	P63085;Y185-p;u
PERT-PSP_VEGF	Q62077;Y783-p;u
PERT-PSP_VEGF	P31750;S473-p;u
PERT-PSP_VEGF	P35918;Y1173-p;u
PERT-PSP_VEGF	P35918;Y1212-p;u
PERT-PSP_VASOPRESSIN	Q63844;T203-p;u
PERT-PSP_VASOPRESSIN	Q63844;Y205-p;u
PERT-PSP_VASOPRESSIN	P63085;T183-p;u
PERT-PSP_VASOPRESSIN	P63085;Y185-p;u
PERT-PSP_VASOPRESSIN	Q62101;S916-p;u
PERT-PSP_VASOPRESSIN	P34152-3;Y397-p;u
PERT-PSP_VASOPRESSIN	P34152;Y615-p;u
PERT-PSP_UV	Q80ZA1;S18-p;u
PERT-PSP_UV	P02340;S20-p;u
PERT-PSP_UV	P02340;S386-p;u
PERT-PSP_UV	Q63844;T203-p;u
PERT-PSP_UV	Q63844;Y205-p;u
PERT-PSP_UV	P63085;T183-p;u
PERT-PSP_UV	P63085;Y185-p;u
PERT-PSP_UV	P08775;S1619-p;u
PERT-PSP_UV	Q6ZWX6;S52-p;u
PERT-PSP_UV	Q91Y86;T183-p;u
PERT-PSP_UV	Q91Y86;Y185-p;u
PERT-PSP_UV	Q9WTU6;T183-p;u
PERT-PSP_UV	Q9WTU6;Y185-p;u
PERT-PSP_UV	P05627;S63-p;u
PERT-PSP_UV	P42225;S727-p;u
PERT-PSP_UV	O35280;S317-p;u
PERT-PSP_UV	O35280;S345-p;u
PERT-PSP_UV	P31750;S473-p;u
PERT-PSP_UV	P31750;T308-p;u
PERT-PSP_UV	Q61337;S112-p;u
PERT-PSP_UV	P47811;T180-p;u
PERT-PSP_UV	P47811;Y182-p;u
PERT-PSP_UV	P18653;S352-p;u
PERT-PSP_UV	P18653;T348-p;u
PERT-PSP_UV	P42227;S727-p;u
PERT-PSP_UV	P42227;Y705-p;u
PERT-PSP_UV	P16951;T53-p;u
PERT-PSP_UV	Q01147;S133-p;u
PERT-PSP_UV	Q62388;S1987-p;u
PERT-PSP_UV	P27661;S139-p;u
PERT-PSP_UV	P84244;S28-p;u
PERT-PSP_UV	Q9JKK8;S431-p;u
PERT-PSP_TORIN1	Q60876;T45-p;d
PERT-PSP_TORIN1	Q60876;T36-p;d
PERT-PSP_TORIN1	P31750;S473-p;d
PERT-PSP_TORIN1	P62754;S240-p;d
PERT-PSP_TORIN1	Q62433;S330-p;d
PERT-PSP_TORIN1	Q60760;S503-p;d
PERT-PSP_TORIN1	Q80Y35;T1982-p;d
PERT-PSP_TORIN1	Q9D1F4;T247-p;d
PERT-PSP_TORIN1	Q9D1F4;S184-p;d
PERT-PSP_TNF	O88351;S181-p;u
PERT-PSP_TNF	Q63844;T203-p;u
PERT-PSP_TNF	Q63844;Y205-p;u
PERT-PSP_TNF	P63085;T183-p;u
PERT-PSP_TNF	P63085;Y185-p;u
PERT-PSP_TNF	Q91Y86;T183-p;u
PERT-PSP_TNF	Q91Y86;Y185-p;u
PERT-PSP_TNF	Q9WTU6;T183-p;u
PERT-PSP_TNF	Q9WTU6;Y185-p;u
PERT-PSP_TNF	Q04207;S276-p;u
PERT-PSP_TNF	Q04207;S534-p;u
PERT-PSP_TNF	P31750;S473-p;u
PERT-PSP_TNF	P34152;Y428-p;u
PERT-PSP_TNF	P34152;Y614-p;u
PERT-PSP_TNF	P47811;T180-p;u
PERT-PSP_TNF	P47811;Y182-p;u
PERT-PSP_TNF	Q9Z1E3;S32-p;u
PERT-PSP_TNF	Q9Z1E3;S36-p;u
PERT-PSP_TNF	P84244;S10-p;u
PERT-PSP_TNF	P37238;S273-p;u
PERT-PSP_THROMBIN	Q63844;T203-p;u
PERT-PSP_THROMBIN	Q63844;Y205-p;u
PERT-PSP_THROMBIN	P63085;T183-p;u
PERT-PSP_THROMBIN	P63085;Y185-p;u
PERT-PSP_THROMBIN	P47811;T180-p;u
PERT-PSP_THROMBIN	P47811;Y182-p;u
PERT-PSP_THAPSIGARGIN	Q6ZWX6;S52-p;u
PERT-PSP_THAPSIGARGIN	Q91Y86;T183-p;u
PERT-PSP_THAPSIGARGIN	Q91Y86;Y185-p;u
PERT-PSP_THAPSIGARGIN	Q9Z2B5;T980-p;u
PERT-PSP_THAPSIGARGIN	P70302;S575-p;u
PERT-PSP_THAPSIGARGIN	P70302;S608-p;u
PERT-PSP_THAPSIGARGIN	P70302;S621-p;u
PERT-PSP_THAPSIGARGIN	P33896;S523-p;u
PERT-PSP_TGF_BETA	Q62432;S465-p;u
PERT-PSP_TGF_BETA	Q62432;S467-p;u
PERT-PSP_TGF_BETA	Q63844;T203-p;u
PERT-PSP_TGF_BETA	Q63844;Y205-p;u
PERT-PSP_TGF_BETA	P63085;T183-p;u
PERT-PSP_TGF_BETA	P63085;Y185-p;u
PERT-PSP_SERUM	Q60876;T45-p;u
PERT-PSP_SERUM	Q60876;T36-p;u
PERT-PSP_SERUM	Q63844;T203-p;u
PERT-PSP_SERUM	Q63844;Y205-p;u
PERT-PSP_SERUM	P63085;T183-p;u
PERT-PSP_SERUM	P63085;Y185-p;u
PERT-PSP_SERUM	P31750;S473-p;u
PERT-PSP_SERUM	Q61337;S112-p;u
PERT-PSP_SERUM	Q61337;S136-p;u
PERT-PSP_SERUM	P13405;S800-p;u
PERT-PSP_SERUM	P62754;S235-p;u
PERT-PSP_SERUM	P62754;S236-p;u
PERT-PSP_SERUM	P62754;S240-p;u
PERT-PSP_SERUM	P62754;S244-p;u
PERT-PSP_SERUM	P42227;S727-p;u
PERT-PSP_SERUM	P18760;S3-p;u
PERT-PSP_SERUM	Q61937;T198-p;u
PERT-PSP_SERUM	P13405;S804-p;u
PERT-PSP_REFEEDING	P31750;S473-p;u
PERT-PSP_REFEEDING	P62754;S236-p;d
PERT-PSP_REFEEDING	P62754;S240-p;d
PERT-PSP_REFEEDING	P35486;S232-p;d
PERT-PSP_REFEEDING	Q6NZJ6;S1211-p;d
PERT-PSP_REFEEDING	Q3UFY8;S69-p;d
PERT-PSP_RAPAMYCIN	Q60876;T45-p;d
PERT-PSP_RAPAMYCIN	Q60876;T36-p;d
PERT-PSP_RAPAMYCIN	Q9JLN9;S2481-p;d
PERT-PSP_RAPAMYCIN	Q60876;S64-p;d
PERT-PSP_RAPAMYCIN	Q60876;T69-p;d
PERT-PSP_RAPAMYCIN	P63073;S209-p;u
PERT-PSP_RAPAMYCIN	P31750;T308-p;u
PERT-PSP_RAPAMYCIN	P62754;S235-p;d
PERT-PSP_RAPAMYCIN	P62754;S236-p;d
PERT-PSP_RAPAMYCIN	P62754;S240-p;d
PERT-PSP_RAPAMYCIN	P62754;S244-p;d
PERT-PSP_RAPAMYCIN	Q9WV60;S9-p;d
PERT-PSP_PHORBOL_ESTER_IONOMYCIN	Q63844;T203-p;u
PERT-PSP_PHORBOL_ESTER_IONOMYCIN	Q63844;Y205-p;u
PERT-PSP_PHORBOL_ESTER_IONOMYCIN	P63085;T183-p;u
PERT-PSP_PHORBOL_ESTER_IONOMYCIN	P63085;Y185-p;u
PERT-PSP_PHORBOL_ESTER_IONOMYCIN	Q8CIS0;S649-p;u
PERT-PSP_PHORBOL_ESTER_IONOMYCIN	Q8CIS0;S657-p;u
PERT-PSP_PHORBOL_ESTER	Q63844;T203-p;u
PERT-PSP_PHORBOL_ESTER	Q63844;Y205-p;u
PERT-PSP_PHORBOL_ESTER	P35569;S307-p;u
PERT-PSP_PHORBOL_ESTER	P28867;Y155-p;u
PERT-PSP_PHORBOL_ESTER	P28867;Y187-p;u
PERT-PSP_PHORBOL_ESTER	P63085;T183-p;u
PERT-PSP_PHORBOL_ESTER	P63085;Y185-p;u
PERT-PSP_PHORBOL_ESTER	Q62101;S916-p;u
PERT-PSP_PHORBOL_ESTER	P05627;S63-p;u
PERT-PSP_PHORBOL_ESTER	Q99N57;S338-p;u
PERT-PSP_PHORBOL_ESTER	P26645;S152-p;u
PERT-PSP_PHORBOL_ESTER	P26645;S156-p;u
PERT-PSP_PHORBOL_ESTER	Q04207;S534-p;u
PERT-PSP_PHORBOL_ESTER	P31750;T308-p;u
PERT-PSP_PHORBOL_ESTER	Q61337;S112-p;u
PERT-PSP_PHORBOL_ESTER	Q61337;S155-p;u
PERT-PSP_PHORBOL_ESTER	P05627;S73-p;u
PERT-PSP_PHORBOL_ESTER	Q9QVP9;Y402-p;u
PERT-PSP_PHORBOL_ESTER	P47811;T180-p;u
PERT-PSP_PHORBOL_ESTER	P47811;Y182-p;u
PERT-PSP_PHORBOL_ESTER	P18653;S369-p;u
PERT-PSP_PHORBOL_ESTER	P37238;S112-p;u
PERT-PSP_PHORBOL_ESTER	Q8C050;S375-p;u
PERT-PSP_PHORBOL_ESTER	P16951;T53-p;u
PERT-PSP_PHORBOL_ESTER	Q01147;S133-p;u
PERT-PSP_PHORBOL_ESTER	P18760;S3-p;u
PERT-PSP_PHORBOL_ESTER	P23818;S849-p;u
PERT-PSP_PHORBOL_ESTER	Q62101;S744-p;u
PERT-PSP_PHORBOL_ESTER	Q62101;S748-p;u
PERT-PSP_PHORBOL_ESTER	Q8BSK8;T412-p;u
PERT-PSP_PHORBOL_ESTER	P60879;S187-p;u
PERT-PSP_PHORBOL_ESTER	Q9Z0F8;T735-p;u
PERT-PSP_PHORBOL_ESTER	P63080;S432-p;u
PERT-PSP_PHORBOL_ESTER	P63080;S433-p;u
PERT-PSP_PHORBOL_ESTER	P30999;S879-p;u
PERT-PSP_PHORBOL_ESTER	P48787;S43-p;u
PERT-PSP_PHORBOL_ESTER	P48787;S45-p;u
PERT-PSP_PHORBOL_ESTER	P35569;S318-p;u
PERT-PSP_PHORBOL_ESTER	Q9Z239;S83-p;u
PERT-PSP_PHORBOL_ESTER	Q9Z239;S88-p;u
PERT-PSP_PHORBOL_ESTER	P68433;S28-p;u
PERT-PSP_PGE2	Q63844;T203-p;u
PERT-PSP_PGE2	Q63844;Y205-p;u
PERT-PSP_PGE2	P63085;T183-p;u
PERT-PSP_PGE2	P63085;Y185-p;u
PERT-PSP_PGE2	P47811;T180-p;u
PERT-PSP_PGE2	P47811;Y182-p;u
PERT-PSP_PGE2	Q01147;S133-p;u
PERT-PSP_PDGF	P05622;Y750-p;u
PERT-PSP_PDGF	P05622;Y856-p;u
PERT-PSP_PDGF	P05622;Y770-p;u
PERT-PSP_PDGF	P05622;Y578-p;u
PERT-PSP_PDGF	P05622;Y1020-p;u
PERT-PSP_PDGF	Q63844;T203-p;u
PERT-PSP_PDGF	Q63844;Y205-p;u
PERT-PSP_PDGF	P28867;Y311-p;u
PERT-PSP_PDGF	P28867;Y155-p;u
PERT-PSP_PDGF	P28867;Y187-p;u
PERT-PSP_PDGF	P63085;T183-p;u
PERT-PSP_PDGF	P63085;Y185-p;u
PERT-PSP_PDGF	Q62077;Y783-p;u
PERT-PSP_PDGF	Q99N57;S259-p;u
PERT-PSP_PDGF	Q99N57;S338-p;u
PERT-PSP_PDGF	P31750;S473-p;u
PERT-PSP_PDGF	P31750;T308-p;u
PERT-PSP_PDGF	P42227;S727-p;u
PERT-PSP_PDGF	P05480;Y424-p;u
PERT-PSP_PDGF	P35235;Y546-p;u
PERT-PSP_PDGF	P35235;Y584-p;u
PERT-PSP_PDGF	P98083;Y349-p;u
PERT-PSP_PDGF	P98083;Y350-p;u
PERT-PSP_PDGF	P98083;Y423-p;u
PERT-PSP_PDGF	Q62077;Y1253-p;u
PERT-PSP_PDGF	Q8BSK8;T412-p;u
PERT-PSP_PDGF	Q9WV60;S9-p;u
PERT-PSP_PD98059	Q63844;T203-p;d
PERT-PSP_PD98059	Q63844;Y205-p;d
PERT-PSP_PD98059	P63085;T183-p;d
PERT-PSP_PD98059	P63085;Y185-p;d
PERT-PSP_PD98059	P43241;S60-p;d
PERT-PSP_OKADAIC_ACID	Q63844;T203-p;u
PERT-PSP_OKADAIC_ACID	Q63844;Y205-p;u
PERT-PSP_OKADAIC_ACID	P63085;T183-p;u
PERT-PSP_OKADAIC_ACID	P63085;Y185-p;u
PERT-PSP_OKADAIC_ACID	P31750;S473-p;u
PERT-PSP_OKADAIC_ACID	P31750;T308-p;u
PERT-PSP_OKADAIC_ACID	Q61337;S112-p;u
PERT-PSP_OKADAIC_ACID	Q61337;S136-p;u
PERT-PSP_OKADAIC_ACID	P47811;T180-p;u
PERT-PSP_OKADAIC_ACID	P47811;Y182-p;u
PERT-PSP_OKADAIC_ACID	Q60829;T34-p;u
PERT-PSP_OKADAIC_ACID	Q60829;T75-p;u
PERT-PSP_OKADAIC_ACID	Q62048;S116-p;u
PERT-PSP_OKADAIC_ACID	P00520;T547-p;u
PERT-PSP_OKADAIC_ACID	P26645;S163-p;u
PERT-PSP_OKADAIC_ACID	P68433;S10-p;u
PERT-PSP_OKADAIC_ACID	P23818;T858-p;u
PERT-PSP_M_CSF	Q63844;T203-p;u
PERT-PSP_M_CSF	Q63844;Y205-p;u
PERT-PSP_M_CSF	P63085;T183-p;u
PERT-PSP_M_CSF	P63085;Y185-p;u
PERT-PSP_M_CSF	P15037;T72-p;u
PERT-PSP_M_CSF	P31750;S473-p;u
PERT-PSP_M_CSF	P35918;Y1212-p;u
PERT-PSP_M_CSF	P09581;Y721-p;u
PERT-PSP_M_CSF	P09581;Y807-p;u
PERT-PSP_M_CSF	P09581;Y559-p;u
PERT-PSP_M_CSF	P09581;Y697-p;u
PERT-PSP_M_CSF	P09581;Y706-p;u
PERT-PSP_LY294002	P31750;S473-p;d
PERT-PSP_LY294002	P31750;T308-p;d
PERT-PSP_LY294002	Q8BSK8;T412-p;d
PERT-PSP_LY294002	Q9WV60;S9-p;d
PERT-PSP_LY294002	Q60760;S503-p;d
PERT-PSP_LPS	O88351;S181-p;u
PERT-PSP_LPS	Q91Y86;T183-p;u
PERT-PSP_LPS	Q91Y86;Y185-p;u
PERT-PSP_LPS	P05627;S63-p;u
PERT-PSP_LPS	P42225;S727-p;u
PERT-PSP_LPS	Q60680;S180-p;u
PERT-PSP_LPS	Q04207;S276-p;u
PERT-PSP_LPS	Q04207;S534-p;u
PERT-PSP_LPS	P31750;S473-p;u
PERT-PSP_LPS	P05627;S73-p;u
PERT-PSP_LPS	P47811;T180-p;u
PERT-PSP_LPS	P47811;Y182-p;u
PERT-PSP_LPS	Q9Z1E3;S32-p;u
PERT-PSP_LPS	Q9Z1E3;S36-p;u
PERT-PSP_LPS	Q8C050;S375-p;u
PERT-PSP_LPS	P16951;T51-p;u
PERT-PSP_LPS	P16951;T53-p;u
PERT-PSP_LPS	P54227;S38-p;u
PERT-PSP_LPS	P70671;S388-p;u
PERT-PSP_LPS	Q9WV60;S9-p;u
PERT-PSP_LPS	Q8VI36;S126-p;u
PERT-PSP_LPS	Q61233;S5-p;u
PERT-PSP_LPS	Q8VI36;S83-p;u
PERT-PSP_LPS	P22893;S52-p;u
PERT-PSP_LPS	P22893;S178-p;u
PERT-PSP_LPS	P68433;S10-p;u
PERT-PSP_LPS	Q99P72;S105-p;u
PERT-PSP_LIGHT	Q63844;T203-p;u
PERT-PSP_LIGHT	Q63844;Y205-p;u
PERT-PSP_LIGHT	P63085;T183-p;u
PERT-PSP_LIGHT	P63085;Y185-p;u
PERT-PSP_LIGHT	P15409;S334-p;u
PERT-PSP_LIGHT	P15409;S338-p;u
PERT-PSP_LIGHT	P15409;S343-p;u
PERT-PSP_LIF	Q63844;T203-p;u
PERT-PSP_LIF	Q63844;Y205-p;u
PERT-PSP_LIF	P63085;T183-p;u
PERT-PSP_LIF	P63085;Y185-p;u
PERT-PSP_LIF	P42225;Y701-p;u
PERT-PSP_LIF	P42227;S727-p;u
PERT-PSP_LIF	P42227;Y705-p;u
PERT-PSP_LIF	Q9WV60;S9-p;u
PERT-PSP_ISOPROTERENOL	Q63844;T203-p;u
PERT-PSP_ISOPROTERENOL	Q63844;Y205-p;u
PERT-PSP_ISOPROTERENOL	P63085;T183-p;u
PERT-PSP_ISOPROTERENOL	P63085;Y185-p;u
PERT-PSP_ISOPROTERENOL	Q61409;S273-p;u
PERT-PSP_ISOPROTERENOL	P61014;S16-p;u
PERT-PSP_ISOPROTERENOL	P61014;T17-p;u
PERT-PSP_ISOPROTERENOL	P23818;S863-p;u
PERT-PSP_ISOPROTERENOL	E9Q401;S2807-p;u
PERT-PSP_ISOPROTERENOL	Q9WV60;S9-p;u
PERT-PSP_ISOPROTERENOL	Q0PCR6;S1927-p;u
PERT-PSP_ISOPROTERENOL	E9Q401;S2030-p;u
PERT-PSP_ISOPROTERENOL	O70468;S282-p;u
PERT-PSP_ISCHEMIA/REPERFUSION	Q63844;Y205-p;u
PERT-PSP_ISCHEMIA/REPERFUSION	P63085;Y185-p;u
PERT-PSP_ISCHEMIA/REPERFUSION	P42225;S727-p;u
PERT-PSP_ISCHEMIA/REPERFUSION	P31750;S473-p;u
PERT-PSP_ISCHEMIA/REPERFUSION	P23927;S59-p;u
PERT-PSP_IONIZING_RADIATION	P02340;S20-p;u
PERT-PSP_IONIZING_RADIATION	Q91Y86;T183-p;u
PERT-PSP_IONIZING_RADIATION	O35280;S345-p;u
PERT-PSP_IONIZING_RADIATION	P27661;S139-p;u
PERT-PSP_IONIZING_RADIATION	P84244;S10-p;d
PERT-PSP_IONIZING_RADIATION	P70444;S78-p;u
PERT-PSP_IONIZING_RADIATION	Q62318;S824-p;u
PERT-PSP_INSULIN	Q60876;T69-p;u
PERT-PSP_INSULIN	Q91Y86;T183-p;u
PERT-PSP_INSULIN	Q91Y86;Y185-p;u
PERT-PSP_INSULIN	P15208;Y989-p;u
PERT-PSP_INSULIN	Q9Z2A0;S244-p;u
PERT-PSP_INSULIN	P31750;T308-p;u
PERT-PSP_INSULIN	P16951;T53-p;u
PERT-PSP_INSULIN	Q9Z1E4;S645-p;d
PERT-PSP_INSULIN	Q9Z1E4;S653-p;d
PERT-PSP_INSULIN	P35235;Y584-p;u
PERT-PSP_INSULIN	P98083;Y423-p;u
PERT-PSP_INSULIN	Q9R1E0;T24-p;u
PERT-PSP_INSULIN	Q9WVH4;T32-p;u
PERT-PSP_INSULIN	Q8BSK8;T252-p;u
PERT-PSP_INSULIN	Q8BSK8;T412-p;u
PERT-PSP_INSULIN	Q9JID9;Y618-p;u
PERT-PSP_INSULIN	Q9Z1E4;S657-p;d
PERT-PSP_INSULIN	Q6PHZ2;T287-p;u
PERT-PSP_INSULIN	Q3U182;S171-p;u
PERT-PSP_INSULIN	P53566;S193-p;d
PERT-PSP_INSULIN	Q9JLN9;S1261-p;u
PERT-PSP_INSULIN	Q60770;Y521-p;u
PERT-PSP_INSULIN	Q923T9;T287-p;u
PERT-PSP_INSULIN	Q8CFH6;S358-p;u
PERT-PSP_INSULIN	Q6P4S6;S616-p;d
PERT-PSP_IL_3	Q63844;T203-p;u
PERT-PSP_IL_3	Q63844;Y205-p;u
PERT-PSP_IL_3	P63085;T183-p;u
PERT-PSP_IL_3	P63085;Y185-p;u
PERT-PSP_IL_3	P42230;Y694-p;u
PERT-PSP_IL_3	P31750;S473-p;u
PERT-PSP_IL_3	Q61337;S112-p;u
PERT-PSP_IL_3	Q61337;S136-p;u
PERT-PSP_IL_3	P47811;T180-p;u
PERT-PSP_IL_3	P10417;S70-p;u
PERT-PSP_IL_3	Q62120;Y1007-p;u
PERT-PSP_IL_3	Q62120;Y1008-p;u
PERT-PSP_IL_3	P98083;Y423-p;u
PERT-PSP_IGF_1	Q63844;T203-p;u
PERT-PSP_IGF_1	Q63844;Y205-p;u
PERT-PSP_IGF_1	P63085;T183-p;u
PERT-PSP_IGF_1	P63085;Y185-p;u
PERT-PSP_IGF_1	P31750;S473-p;u
PERT-PSP_IGF_1	P31750;T308-p;u
PERT-PSP_IGF_1	Q9R1E0;S253-p;u
PERT-PSP_IGF_1	P98083;Y349-p;u
PERT-PSP_IGF_1	Q9R1E0;T24-p;u
PERT-PSP_IGF_1	Q2NL51;S21-p;u
PERT-PSP_IGF_1	Q9WVH4;T32-p;u
PERT-PSP_IGF_1	Q8BSK8;T412-p;u
PERT-PSP_IGF_1	Q9WV60;S9-p;u
PERT-PSP_IGF_1	Q9R1E0;S316-p;u
PERT-PSP_IFN_GAMMA	Q63844;T203-p;u
PERT-PSP_IFN_GAMMA	Q63844;Y205-p;u
PERT-PSP_IFN_GAMMA	P63085;T183-p;u
PERT-PSP_IFN_GAMMA	P63085;Y185-p;u
PERT-PSP_IFN_GAMMA	P28033;T188-p;u
PERT-PSP_IFN_GAMMA	P42227;Y705-p;u
PERT-PSP_H2O2	Q63844;T203-p;u
PERT-PSP_H2O2	Q63844;Y205-p;u
PERT-PSP_H2O2	P63085;T183-p;u
PERT-PSP_H2O2	P63085;Y185-p;u
PERT-PSP_H2O2	P48025;Y130-p;u
PERT-PSP_H2O2	Q60598;Y466-p;u
PERT-PSP_H2O2	O35099;S90-p;d
PERT-PSP_H2O2	P31750;S473-p;u
PERT-PSP_H2O2	Q9QVP9;Y402-p;u
PERT-PSP_H2O2	P47811;T180-p;u
PERT-PSP_H2O2	P47811;Y182-p;u
PERT-PSP_H2O2	Q9R1E0;S253-p;u
PERT-PSP_H2O2	Q5SWU9;S79-p;u
PERT-PSP_H2O2	O35099;T845-p;u
PERT-PSP_H2O2	P14602;S86-p;u
PERT-PSP_H2O2	P49817;Y14-p;u
PERT-PSP_H2O2	P98083;S36-p;u
PERT-PSP_H2O2	P98083;Y349-p;u
PERT-PSP_H2O2	P98083;Y350-p;u
PERT-PSP_H2O2	Q62101;S744-p;u
PERT-PSP_H2O2	Q62101;S748-p;u
PERT-PSP_H2O2	Q8BSK8;T412-p;u
PERT-PSP_H2O2	P25911;Y397-p;u
PERT-PSP_H2O2	Q5EG47;T183-p;u
PERT-PSP_FORSKOLIN	Q63844;T203-p;u
PERT-PSP_FORSKOLIN	Q63844;Y205-p;u
PERT-PSP_FORSKOLIN	P63085;T183-p;u
PERT-PSP_FORSKOLIN	P63085;Y185-p;u
PERT-PSP_FORSKOLIN	Q61337;S155-p;u
PERT-PSP_FORSKOLIN	Q9WTK7;S431-p;u
PERT-PSP_FORSKOLIN	Q01147;S133-p;u
PERT-PSP_FORSKOLIN	P23818;S863-p;u
PERT-PSP_FORSKOLIN	P63080;S432-p;u
PERT-PSP_FORSKOLIN	P63080;S433-p;u
PERT-PSP_FORSKOLIN	Q60875;S885-p;u
PERT-PSP_FORSKOLIN	Q8CGN5;S492-p;u
PERT-PSP_FORSKOLIN	Q8CGN5;S517-p;u
PERT-PSP_FORSKOLIN	A2ALS5;S499-p;u
PERT-PSP_FIBRONECTIN	P63085;T183-p;u
PERT-PSP_FIBRONECTIN	P63085;Y185-p;u
PERT-PSP_FIBRONECTIN	P34152;Y438-p;u
PERT-PSP_FIBRONECTIN	P34152-3;Y576-p;u
PERT-PSP_FIBRONECTIN	P34152-3;Y577-p;u
PERT-PSP_FIBRONECTIN	P34152-3;Y925-p;u
PERT-PSP_FGF2	Q63844;T203-p;u
PERT-PSP_FGF2	Q63844;Y205-p;u
PERT-PSP_FGF2	P63085;T183-p;u
PERT-PSP_FGF2	P63085;Y185-p;u
PERT-PSP_FGF2	P31750;S473-p;u
PERT-PSP_FGF2	P31750;T308-p;u
PERT-PSP_FGF2	P31938;S218-p;u
PERT-PSP_FGF2	Q9QXV8;Y55-p;u
PERT-PSP_ETOPOSIDE	P02340;S15-p;u
PERT-PSP_ETOPOSIDE	P28867;Y64-p;u
PERT-PSP_ETOPOSIDE	P70444;S61-p;u
PERT-PSP_ETOPOSIDE	P27661;S139-p;u
PERT-PSP_ETOPOSIDE	P70444;S78-p;u
PERT-PSP_ESTROGEN	Q63844;T203-p;u
PERT-PSP_ESTROGEN	Q63844;Y205-p;u
PERT-PSP_ESTROGEN	P63085;T183-p;u
PERT-PSP_ESTROGEN	P63085;Y185-p;u
PERT-PSP_ESTROGEN	Q9WV60;S9-p;u
PERT-PSP_EPO	Q63844;T203-p;u
PERT-PSP_EPO	Q63844;Y205-p;u
PERT-PSP_EPO	P63085;T183-p;u
PERT-PSP_EPO	P63085;Y185-p;u
PERT-PSP_EPO	P42230;Y694-p;u
PERT-PSP_EPO	Q62120;Y1007-p;u
PERT-PSP_EPO	Q62120;Y1008-p;u
PERT-PSP_EPO	P14753;Y367-p;u
PERT-PSP_EPO	Q62120;Y221-p;u
PERT-PSP_EPO	Q62120;Y570-p;u
PERT-PSP_EPO	Q62120;Y966-p;u
PERT-PSP_EPO	Q62120;Y868-p;u
PERT-PSP_EPINEPHRINE	Q63844;T203-p;u
PERT-PSP_EPINEPHRINE	Q63844;Y205-p;u
PERT-PSP_EPINEPHRINE	Q99MR9;S48-p;u
PERT-PSP_EPINEPHRINE	Q99MR9;S67-p;u
PERT-PSP_EPINEPHRINE	P18762;S355-p;u
PERT-PSP_EPINEPHRINE	P18762;S356-p;u
PERT-PSP_EGF	Q63844;T203-p;u
PERT-PSP_EGF	Q63844;Y205-p;u
PERT-PSP_EGF	P63085;T183-p;u
PERT-PSP_EGF	P63085;Y185-p;u
PERT-PSP_EGF	Q91Y86;T183-p;u
PERT-PSP_EGF	Q91Y86;Y185-p;u
PERT-PSP_EGF	P05627;S63-p;u
PERT-PSP_EGF	Q99N57;S338-p;u
PERT-PSP_EGF	Q61337;S112-p;u
PERT-PSP_EGF	Q61337;S155-p;u
PERT-PSP_EGF	P34152;Y615-p;u
PERT-PSP_EGF	P05627;S73-p;u
PERT-PSP_EGF	Q9QYY0;Y407-p;u
PERT-PSP_EGF	P34152;S948-p;u
PERT-PSP_EGF	P47811;T180-p;u
PERT-PSP_EGF	P47811;Y182-p;u
PERT-PSP_EGF	Q01279;Y1018-p;u
PERT-PSP_EGF	Q01279;Y1069-p;u
PERT-PSP_EGF	Q01279;Y1092-p;u
PERT-PSP_EGF	Q01279;Y1110-p;u
PERT-PSP_EGF	Q01279;Y1172-p;u
PERT-PSP_EGF	Q01279;Y1197-p;u
PERT-PSP_EGF	Q01279;Y871-p;u
PERT-PSP_EGF	P18654;S227-p;u
PERT-PSP_EGF	P18654;S369-p;u
PERT-PSP_EGF	P18654;S386-p;u
PERT-PSP_EGF	Q9WTK7;S431-p;u
PERT-PSP_EGF	P42227;S727-p;u
PERT-PSP_EGF	P42227;Y705-p;u
PERT-PSP_EGF	Q01147;S133-p;u
PERT-PSP_EGF	P05480;Y424-p;u
PERT-PSP_EGF	P35235;Y584-p;u
PERT-PSP_EGF	P31938;S222-p;u
PERT-PSP_EGF	P31938;S218-p;u
PERT-PSP_EGF	Q9QXV8;Y55-p;u
PERT-PSP_EGF	P68433;S10-p;u
PERT-PSP_EGF	P68433;S28-p;u
PERT-PSP_DHPG	Q63844;T203-p;u
PERT-PSP_DHPG	Q63844;Y205-p;u
PERT-PSP_DHPG	P63085;T183-p;u
PERT-PSP_DHPG	P63085;Y185-p;u
PERT-PSP_DHPG	Q60829;S130-p;u
PERT-PSP_DHPG	Q60829;T75-p;u
PERT-PSP_CAMP_ANALOG	Q61337;S112-p;u
PERT-PSP_CAMP_ANALOG	Q61337;S136-p;u
PERT-PSP_CAMP_ANALOG	Q60829;T34-p;u
PERT-PSP_CAMP_ANALOG	Q5EG47;T183-p;u
PERT-PSP_CAMP_ANALOG	Q5EG47;S496-p;u
PERT-PSP_BOMBESIN	Q63844;T203-p;u
PERT-PSP_BOMBESIN	Q63844;Y205-p;u
PERT-PSP_BOMBESIN	P63085;T183-p;u
PERT-PSP_BOMBESIN	P63085;Y185-p;u
PERT-PSP_BOMBESIN	Q62101;S916-p;u
PERT-PSP_BOMBESIN	P26645;S152-p;u
PERT-PSP_BOMBESIN	P26645;S156-p;u
PERT-PSP_BOMBESIN	P34152-3;Y397-p;u
PERT-PSP_BOMBESIN	P34152;Y615-p;u
PERT-PSP_BOMBESIN	P34152;S948-p;u
PERT-PSP_BOMBESIN	P18653;T562-p;u
PERT-PSP_BOMBESIN	Q62101;S744-p;u
PERT-PSP_BOMBESIN	Q62101;S748-p;u
PERT-PSP_BDNF	Q63844;T203-p;u
PERT-PSP_BDNF	Q63844;Y205-p;u
PERT-PSP_BDNF	P63085;T183-p;u
PERT-PSP_BDNF	P63085;Y185-p;u
PERT-PSP_BDNF	P31750;S473-p;u
PERT-PSP_BDNF	Q01147;S133-p;u
PERT-PSP_BDNF	P15209;Y515-p;u
PERT-PSP_BDNF	P15209;S478-p;u
PERT-PSP_BACTERIAL_INFECTION	O88351;S181-p;u
PERT-PSP_BACTERIAL_INFECTION	O88351;S177-p;u
PERT-PSP_BACTERIAL_INFECTION	Q60680;S176-p;u
PERT-PSP_BACTERIAL_INFECTION	Q60680;S180-p;u
PERT-PSP_BACTERIAL_INFECTION	Q04207;S534-p;u
PERT-PSP_BACTERIAL_INFECTION	Q9Z1E3;S32-p;u
PERT-PSP_ANTI_IGM	Q63844;T203-p;u
PERT-PSP_ANTI_IGM	Q63844;Y205-p;u
PERT-PSP_ANTI_IGM	P63085;T183-p;u
PERT-PSP_ANTI_IGM	P63085;Y185-p;u
PERT-PSP_ANTI_IGM	P25918;Y493-p;u
PERT-PSP_ANTI_IGM	P25918;Y522-p;u
PERT-PSP_ANTI_IGM	P48025;Y130-p;u
PERT-PSP_ANTI_IGM	P48025;Y317-p;u
PERT-PSP_ANTI_IGM	P48025;Y342-p;u
PERT-PSP_ANTI_IGM	P48025;Y346-p;u
PERT-PSP_ANTI_IGM	P11911;Y204-p;u
PERT-PSP_ANTI_IGM	P31750;S473-p;u
PERT-PSP_ANTI_IGM	P47811;T180-p;u
PERT-PSP_ANTI_IGM	P47811;Y182-p;u
PERT-PSP_ANTI_IGM	Q01147;S133-p;u
PERT-PSP_ANTI_CD3/CD28	Q63844;T203-p;u
PERT-PSP_ANTI_CD3/CD28	Q63844;Y205-p;u
PERT-PSP_ANTI_CD3/CD28	P63085;T183-p;u
PERT-PSP_ANTI_CD3/CD28	P63085;Y185-p;u
PERT-PSP_ANTI_CD3/CD28	Q62077;Y783-p;u
PERT-PSP_ANTI_CD3/CD28	P47811;T180-p;u
PERT-PSP_ANTI_CD3/CD28	P47811;Y182-p;u
PERT-PSP_ANTI_CD3/CD28	O54957;Y195-p;u
PERT-PSP_ANTI_CD3	Q63844;T203-p;u
PERT-PSP_ANTI_CD3	Q63844;Y205-p;u
PERT-PSP_ANTI_CD3	P43404;Y318-p;u
PERT-PSP_ANTI_CD3	P63085;T183-p;u
PERT-PSP_ANTI_CD3	P63085;Y185-p;u
PERT-PSP_ANTI_CD3	Q62077;Y783-p;u
PERT-PSP_ANTI_CD3	P31750;T308-p;u
PERT-PSP_ANTI_CD3	Q9QVP9;Y881-p;u
PERT-PSP_ANTI_CD3	P47811;T180-p;u
PERT-PSP_ANTI_CD3	P47811;Y182-p;u
PERT-PSP_ANTI_CD3	Q60787;Y128-p;u
PERT-PSP_ANTI_CD3	P22646;Y181-p;u
PERT-PSP_ANTI_CD3	P22646;Y170-p;u
PERT-PSP_ANTI_CD3	P47811;Y323-p;u
PERT-PSP_ANISOMYCIN	P35569;S307-p;u
PERT-PSP_ANISOMYCIN	Q91Y86;T183-p;u
PERT-PSP_ANISOMYCIN	Q91Y86;Y185-p;u
PERT-PSP_ANISOMYCIN	P05627;S63-p;u
PERT-PSP_ANISOMYCIN	P42225;S727-p;u
PERT-PSP_ANISOMYCIN	P47811;T180-p;u
PERT-PSP_ANISOMYCIN	P47811;Y182-p;u
PERT-PSP_ANISOMYCIN	Q01147;S133-p;u
PERT-PSP_AICAR	Q9JLN9;S2448-p;d
PERT-PSP_AICAR	Q8BRK8;T172-p;u
PERT-PSP_AICAR	Q5SWU9;S79-p;u
PERT-PSP_AICAR	Q8BSK8;T412-p;d
PERT-PSP_AICAR	Q5EG47;T183-p;u
PERT-PSP_AICAR	Q3U182;S171-p;u
PERT-PSP_AICAR	Q8K4Q0;S792-p;u
